product_name,product_price,product_rating,order_info
"Konssy Muslin Baby Bibs 6 Pack Baby Bandana Drool Bibs Soft Cotton for Unisex Boys Girls, Absorbent Solid Colors Bibs","18
","4.8 out of 5 stars
                       









                      41",50+ bought in past month
"Pigeon Breast Milk Storage Bag, Disposable Self Standing Bag, 5 Colourful Design, 50 Pcs (Pack of 2), 6 Oz","17
","4.7 out of 5 stars
                       









                      12",200+ bought in past month
"hiccapop MiniPod Baby Dome for On the Go | Travel Baby Tent for Beach Protects from Sun, Wind, Bugs | Lightweight Portable Baby Bed, Baby Beach Tent for Baby | On the Go Baby Dome for Outside & Inside","84
","4.6 out of 5 stars
                       









                      350",100+ bought in past month
"ONE PIX Backseat Car Organizer Mats Back Seat Organizers and Storage Bag with Touch Screen Tablet Holder for Kids Toddlers Car Seats, Travel Accessories, Road Trip Essentials Kids","11
","4.4 out of 5 stars
                     









                    8,093",1K+ bought in past month
"Lutron Caseta Wireless Pedestal for Pico Smart Remote, L-PED1-WH, White","9
 ","4.9 out of 5 stars
                     









                    1,524",400+ bought in past month
Catchy - The Food and Mess Catcher for The Stokke Tripp Trapp - Catchy Food Catching Accessory for Highchairs - Baby & Toddler Food Mat - High Chair Food Catcher - High Chair Accessories,"59
","4.0 out of 5 stars
                     









                    27",3K+ bought in past month
YEYA Upgrade No Drill Anti Tip Furniture Anchor,"39
","4.8 out of 5 stars
                     









                    23,930",1K+ bought in past month
"hiccapop OmniBoost Travel Booster Seat with Tray for Baby, Dining Table, Camping, Beach, Grandma’s | Folding Portable Tip-Free Design Straps to Kitchen Chairs","15
","4.2 out of 5 stars
                     









                    63",500+ bought in past month
Baby Spiral Hanging Stroller and Car Seat Toys for Babies 0-6 Months Newborn Plush Activity Toys for Bed Bassinet Crib Baby Carrier Gifts (Bee),"12
","4.5 out of 5 stars
                     









                    784",2K+ bought in past month
"Baby Grooming Kit, Infant Safety Care Set with Hair Brush Comb Nail Clipper Nasal Aspirator Ear Cleaner,Baby Essentials Kit for Newborn Girls Boys (Pink Baby Grooming kit)","26
","4.7 out of 5 stars
                     









                    9,104",300+ bought in past month
"Univivi Door Hanging Organizer Nursery Closet Cabinet Baby Storage with 4 Large Pockets and 3 Small PVC Pockets for Cosmetics, Toys and Sundries (Grey)","15
","4.7 out of 5 stars
                     









                    63",100+ bought in past month
"Dahey Headband Holder Bow Hanger for Girls Hair Bows, Macrame Headbands Hair Accessories Hanger Necklace Display with 30 Hooks Wall Hanging Over Door Organizer Boho Nursery Decor for Baby's Room","84
","4.6 out of 5 stars
                     









                    350",8K+ bought in past month
"hiccapop MiniPod Baby Dome for On the Go | Travel Baby Tent for Beach Protects from Sun, Wind, Bugs | Lightweight Portable Baby Bed, Baby Beach Tent for Baby | On the Go Baby Dome for Outside & Inside","16
","4.6 out of 5 stars
                     









                    7,959",3K+ bought in past month
"b&h Digital Baby Thermometer, The Infant Baby Bath Floating Toy Safety Temperature Water Thermometer (Classic Duck)","23
","4.8 out of 5 stars
                     









                    28,753",20K+ bought in past month
"iPlay, iLearn 10pcs Baby Rattles Toys Set, Infant Grab N Shake Rattle, Sensory Teether, Development Learning Music Toy, Newborn First Birthday Gifts for 0 1 2 3 4 5 6 7 8 9 10 12 Month Babies Boy Girl","9
 ","4.6 out of 5 stars
                     









                    29,030",800+ bought in past month
"NUK Comfy Orthodontic Pacifiers, 0-6 Months, Timeless Collection, 5 Count (Pack of 1)","23
","4.7 out of 5 stars
                       









                      6,114",600+ bought in past month
XMWEALTHY Unisex Infant Swaddle Blankets Soft Thick Fleece Knit Baby Girls Boys Stroller Wraps Newborn Baby Accessory Light Pink,"21
","4.8 out of 5 stars
                       









                      96",800+ bought in past month
Headband Holder Bows Organizer For Girls Hair Bows Holder Baby Headband Hair Accessories Organizer For Baby Girls Bow Hanger Storage For Girls Hair Bows For Toddler Girls Room Wall Decor (White),189,"4.6 out of 5 stars
                       









                      1,583",3K+ bought in past month
"KoolerThings Baby Bassinet, Bedside Sleeper for Baby, Easy Folding Portable Crib with Storage Basket for Newborn, Bedside Bassinet, Comfy Mattress/Travel Bag Included (Bassinet)","19
","4.5 out of 5 stars
                       









                      1,037",100+ bought in past month
"mDesign Fabric Hanging Organizer - Over Closet Rod Storage with 7 Shelves and 3 Removable Drawers for Baby Nursery Bedroom Organization - Hold Clothes, Linens, Toys, Accessories - Pink Herringbone","26
","4.7 out of 5 stars
                     









                    2,040",10K+ bought in past month
"ULG 1 Pack Over Door Organizer with 5 Large Pockets 10 Mesh Side Pockets, 44 lbs Weight Capacity Hanging Storage Organizer with Clear Window Kids Toys, Shoes, Diapers, Dark Grey, 5 Layers","18
","4.6 out of 5 stars
                     









                    989",50K+ bought in past month
"Baby Car Seat Cover, Infant Carseat Canopy with 3 Layers Windows, Breathable Mesh Peep Window, Kick-Proof Carrier Cover for Boys Girls, Windproof Stroller Cover Shower Gift for Newborn (Elephant)","22
","4.8 out of 5 stars
                     









                    20,023",100+ bought in past month
"Aveeno Baby Bathtime Solutions Baby & Me Gift Set with Baby Wash & Shampoo, Calming Baby Bath & Wash, Baby Daily Moisturizing Lotion & Stress Relief Body Wash for Mom, Soap-Free, 4 items","34
","4.8 out of 5 stars
                     









                    164,940",1K+ bought in past month
"Pampers Sensitive Water Based Hypoallergenic and Unscented Baby Wipes Combo, 1008 count (Packaging May Vary)","15
","4.8 out of 5 stars
                       









                      2,755",100+ bought in past month
"Prohouse 40 PCS Baby Girl Hair Clips, Hair Bows for Girls Toddler Babies Kids Baby, Alligator Clip Hair Accessories","19
","4.4 out of 5 stars
                       









                      15,016",5K+ bought in past month
"HOFISH Maternity Nursing Bra for Breastfeeding Pregnancy Wireless Bralette with Pads, Extenders & Clips 3PACK S-XXL","16
","3.7 out of 5 stars
                       









                      7",5K+ bought in past month
"Airplane Footrest Seat Extender for Kids: GEMGO Toddler Airplane Travel Bed, Portable Foot Rest Hammock for Flights - Leg Rest for Baby to Lie Down on Plane Travel Accessories","17
","4.4 out of 5 stars
                       









                      449",900+ bought in past month
"Accmor Hanging Baby Diaper Caddy Organizer, Diaper Stacker, Baby Crib Hanging Classified Storage Bag Organizer for Changing Table, Crib, Playard or Wall & Nursery Organization, White","9
 ","4.4 out of 5 stars
                     









                    509",10K+ bought in past month
"Glad For Kids Disposable Paper Bibs, 30 Ct - Disposable Bibs - Travel Bibs For Kids, Disposable Kids Bibs With Crumb Catcher","22
","4.5 out of 5 stars
                     









                    20,275",1K+ bought in past month
"Rechargeable Baby Nail File, Fansidi Electric Baby Nail Trimmer for Newborn Infant or Toddler Toenail and Fingernail - Girls and Boys Accessory - Extra Replacement Pads Included (Pink)","12
","4.7 out of 5 stars
                     









                    7,294",700+ bought in past month
"Dr. Brown’s Folding Baby Bottle Drying Rack for Easy Storage, Dry Nipples, Pacifiers and Other Baby Essentials, BPA-free","8
 ","4.9 out of 5 stars
                     









                    958",4K+ bought in past month
"6-Piece Silicone Feeding Spoons for First Stage Baby and Infant, Soft-Tip Easy on Gums I Training Spoon | Baby Utensils Feeding Supplies, Dishwasher & Boil-proof","22
","4.7 out of 5 stars
                     









                    10,318",3K+ bought in past month
"Simple Joys by Carter's Unisex Babies' Teething Bibs, Pack of 7","84
","4.7 out of 5 stars
                     









                    3,912",600+ bought in past month
"Tushbaby - Safety-Certified Hip Seat Baby Carrier - Mom’s Choice Award Winner, Seen on Shark Tank, Ergonomic Carrier & Extenders for Newborns & Toddlers (Carrier, Grey)","29
","4.4 out of 5 stars
                     









                    21,784",800+ bought in past month
"ALPINE Muffy Baby Ear Protection for Newborn and Babies up to 36 Months – Noise Reduction Earmuffs for Toddlers and Children – Comfortable Infant Ear Muffs Prevent Hearing Damage & Improve Sleep, Blue","49
","4.6 out of 5 stars
                     









                    32",50+ bought in past month
"The Peanutshell 7 in 1 Baby Play Gym, Activity Center and Tummy Time Mat, Woodland Animals","16
","4.8 out of 5 stars
                     









                    25,864",1K+ bought in past month
Boon Cacti Bottle Cleaning Brush Set,"28
","4.8 out of 5 stars
                     









                    16,536",1K+ bought in past month
"Simple Joys by Carter's Unisex Babies' Cotton Sleeper Gown, Pack of 3","9
 ","4.5 out of 5 stars
                     









                    2,658",400+ bought in past month
"Muslin Carseat Cover for Babies, Metplus Breathable Infant Carseat Cover Lightweight Baby Carrier Cover for Girls Boys, Fit Spring Summer/Hot Days/Warm Weather, Pink Floral","23
","4.7 out of 5 stars
                     









                    35,380",4K+ bought in past month
"Simple Joys by Carter's Unisex Babies' Muslin burp cloths, Pack of 7, Grey/White/Black, One Size","11
","4.7 out of 5 stars
                     









                    5,671",100+ bought in past month
"2-Pack Baby Silicone Bibs, Waterproof, Easy Wipe Silicone Bib for Babies, Toddlers, Baby Feeding Bibs with Large Food Catcher Pocket, Travel Bibs for Baby Girl, Boy, Food Grade BPA Free (Cloud Nine)","12
","4.4 out of 5 stars
                     









                    6,350",1K+ bought in past month
"Burt's Bees Baby Baby Girls' Mittens, No-Scratch Mitts, 100% Organic Cotton, Set of 3","7
 ","4.8 out of 5 stars
                     









                    864",800+ bought in past month
"Orighty Burp Cloths, Super Soft & Highly Absorbent Coral Fleece, 20 x 10 Inch Gentle & Large Burp Rugs for Baby Sensitive Skin - Burping Cloths for Newborn Essential, 8 Pack","12
","4.7 out of 5 stars
                     









                    1,151",600+ bought in past month
"VISBL Baby Girl Headbands and Bows, Newborn Infant Toddler Nylon Hairbands Hair Accessories",104,"4.3 out of 5 stars
                     









                    5,481",50+ bought in past month
Pamo Babe Portable Crib for Baby Nursery Center Playard Baby Playpen Travel Crib Diaper Changer with Mattress,"32
","4.5 out of 5 stars
                     









                    3,038",1K+ bought in past month
"Momcozy Baby Wrap Carrier Slings, Easy to Wear Infant Carrier Slings for Babies Girl and Boy, Adjustable Baby Carriers for Newborn up to 50 lbs, Black","14
","4.8 out of 5 stars
                     









                    23,854",2K+ bought in past month
Hudson Baby unisex-baby Cotton and Polyester Bibs,"12
","4.5 out of 5 stars
                     









                    2,134",900+ bought in past month
Touched by Nature Unisex Baby Organic Cotton Socks,"38
","4.6 out of 5 stars
                     









                    6,941",5K+ bought in past month
"1080P Baby Car Mirror, Shybaby 4.3'' Baby Car Camera Monitor 170° Wide View, HD Night Vision Function and Reusable Sucker Bracket, Safety Rear Facing Car Set Camera Infants Kids Toddlers Black","5
 ","3.9 out of 5 stars
                     









                    8,470",2K+ bought in past month
